y_pred_proba,y_test
0.002405416275267635,0.0
0.9110864681539441,1.0
0.9780385500687594,1.0
0.0034518787280233823,0.0
0.9783087429427497,1.0
0.00940076262503367,0.0
0.021405534475733613,0.0
0.03244477840177133,0.0
0.0018019242771076243,0.0
0.9567308347544459,1.0
0.9621972016949509,1.0
0.0007856982449082251,0.0
0.016268094681522786,0.0
0.9445089070349005,1.0
0.9862225193101404,1.0
0.9720322909581588,1.0
0.9970806230308745,1.0
0.9254491712913332,1.0
0.004728505126106649,0.0
0.00820505169422884,0.0
0.9302318304810933,1.0
0.9908631777288468,1.0
0.002193805425150849,0.0
0.0008361149774013713,0.0
0.998594066642942,1.0
0.9042877136316466,1.0
0.9315450463297015,1.0
0.9487526483122695,1.0
0.005661116915262696,0.0
0.003748655106631449,0.0
0.0017781618046311598,0.0
0.9991208445736705,1.0
0.6580752201457821,0.0
0.9962061367278019,1.0
0.9282071289721577,1.0
0.009286179126013799,0.0
0.9902458566931432,1.0
0.9834786553432787,1.0
0.9984457262803055,1.0
0.9963416532089254,1.0
0.9642352420260705,1.0
0.9674265533078811,1.0
0.12815898233858464,0.0
0.9906049895382645,1.0
0.0015618791141742883,0.0
0.9886191466722345,1.0
0.006304238489614803,0.0
0.9898735898118661,1.0
0.9960467551451959,1.0
0.9906086177553836,1.0
0.9348193830208269,1.0
0.9974928693411095,1.0
0.0017738706377650715,0.0
0.023294818994672898,0.0
0.005156870125582641,0.0
0.015841377714432305,0.0
0.007180303973003558,0.0
0.989713189962948,1.0
0.15400105252789437,0.0
0.0011619582215394353,0.0
0.8829351161320129,1.0
0.9759824283089547,1.0
0.003553903272326562,0.0
0.7848419329656784,1.0
0.9577446383854241,1.0
0.007668516681761724,0.0
0.006948885140700909,0.0
0.03516372504319961,0.0
0.9958762612418537,1.0
0.7444152543489263,1.0
0.0019925939560308517,0.0
0.002824132607270835,0.0
0.05335300535297291,0.0
0.9810762239851605,1.0
0.997972141646613,1.0
0.960574336822104,1.0
0.964924596556239,1.0
0.0007713946867782694,0.0
0.9588181484302035,1.0
0.9773370579767251,1.0
0.002154600811300536,0.0
0.004955192240509632,0.0
0.03761866572735196,0.0
0.9483625610533638,1.0
0.9798251969417281,1.0
0.005689369474764401,0.0
0.9525841631988811,1.0
0.001086356369632438,0.0
0.9421060775908082,1.0
0.004149764770692609,0.0
0.01631449770182383,0.0
0.9775953129512717,1.0
0.0022745870568199947,0.0
0.0021166143240461963,0.0
0.8335729118144306,1.0
0.10651282422492205,0.0
0.9932239114762108,1.0
0.9871025525786418,1.0
0.0028077282078846225,0.0
0.9287966313219884,1.0
0.9539898214995529,1.0
0.9528261590940256,1.0
0.9947517931206528,1.0
0.00046933831034873095,0.0
0.9812398091493255,1.0
0.05753534363923809,0.0
0.0034731420532537007,0.0
0.015470945820697565,0.0
0.9750196964361122,1.0
0.00446542535968912,0.0
0.9419038130566253,1.0
0.9516138776649645,1.0
0.944085486396843,1.0
0.01832515206637024,0.0
0.0017901344419773324,0.0
0.006492229537085438,0.0
0.11715699943337755,0.0
0.003442836493424469,0.0
0.9571155915542183,1.0
0.01573789867718443,0.0
0.0036166653817495133,0.0
0.9812162184840159,1.0
0.9903047155939161,1.0
0.0011051276196172599,0.0
0.030079987663940093,0.0
0.004113616028001609,0.0
0.0319094366088182,0.0
0.9754027681339207,1.0
0.004313902421174834,0.0
0.010362494293968225,0.0
0.0015923982642295385,0.0
0.9468079321942054,1.0
0.9709947795365638,1.0
0.0007912611809014255,0.0
0.0007775423116629051,0.0
0.9471216497116731,1.0
0.888522652392957,1.0
0.004062641736643301,0.0
0.9051582427939295,1.0
0.030155569108675694,0.0
0.9823019595842227,1.0
0.9638950442258358,1.0
0.9956624675409262,1.0
0.9609892477675888,1.0
0.011360819962890817,0.0
0.9941795365183447,1.0
0.03514908815391636,0.0
0.9738240984737879,1.0
0.0006541795268581814,0.0
0.915941828176168,1.0
0.9773420219860733,1.0
0.9505170462930168,1.0
0.014297165987465617,0.0
0.011425611441412544,0.0
0.9456930599447804,1.0
0.9408991189457334,1.0
0.0015868732396909816,0.0
0.9632713548185194,1.0
0.004234175801387245,0.0
0.9983699013942842,1.0
0.00255303857307726,0.0
0.011833135246238443,0.0
0.03422942226933983,0.0
0.008347521375589553,0.0
0.0011547269225701047,0.0
0.0015157626273677555,0.0
0.0037673922017155844,0.0
0.014071993227650771,0.0
0.974203765107804,1.0
0.007192016712740826,0.0
0.01391556008918541,0.0
0.9120521141066147,1.0
0.005940913052226899,0.0
0.0064396738510106135,0.0
0.9699792069820178,1.0
0.00696778976750834,0.0
0.9509313618144501,1.0
0.05473715850397966,0.0
0.9507614970666804,1.0
0.005293507112954918,0.0
0.0025882795738116134,0.0
0.001467350397374472,0.0
0.08100657899201277,0.0
0.0005715808865081446,0.0
0.9597774606356219,1.0
0.1542638014386702,0.0
0.0032201429026881083,0.0
0.9737266325091768,1.0
0.9127949546487278,1.0
0.9217908048912995,1.0
0.07719034739558292,0.0
0.9681921217586537,1.0
0.9971940132647495,1.0
0.9254515410923005,1.0
0.9530249191061536,1.0
0.974470752792134,1.0
0.015967631229450576,0.0
0.995026350391319,1.0
0.9326764794927093,1.0
0.9953158645652419,1.0
0.9908412270841893,1.0
0.9134931542180327,1.0
0.008425456796138184,0.0
0.9889738893105773,1.0
0.9030138930635668,1.0
0.9915298075547581,1.0
0.9710356680185402,1.0
0.01171996555606951,0.0
0.005694264394733581,0.0
0.9733664189404778,1.0
0.9225482495037246,1.0
0.9801420761581756,1.0
0.002400395334831159,0.0
0.007254179099538591,0.0
0.00025260275290909883,0.0
0.933816328424887,1.0
0.994721833027402,1.0
0.8314170403867898,1.0
0.9984451723971555,1.0
0.0010782405873947538,0.0
0.0015788631187320314,0.0
0.9820976017556797,1.0
0.9429877698866921,1.0
0.0026024123846330994,0.0
0.0012928328408810912,0.0
0.9756405433543078,1.0
0.9762461856025364,1.0
0.9846365589218288,1.0
0.0007796217414702421,0.0
0.015588913723865842,0.0
0.0009169096650453431,0.0
0.9942067320787318,1.0
0.9261894781071978,1.0
0.9859200105370127,1.0
0.9944202617632157,1.0
0.9755072189541102,1.0
0.995998273696124,1.0
0.9573726736943484,1.0
0.0006385951143754046,0.0
0.009101093546523616,0.0
0.9755983225853105,1.0
0.9854879951830124,1.0
0.9924225888622255,1.0
0.9908861332480716,1.0
0.9883226518115308,1.0
0.9993421007336047,1.0
0.9926693998715346,1.0
0.9688033445628564,1.0
0.9803454101274333,1.0
0.007840990261712082,0.0
0.971331707756094,1.0
0.9723956625347444,1.0
0.9920812302253417,1.0
0.000875274741315575,0.0
0.009838786502651268,0.0
0.0021369542883305317,0.0
0.8861513753040062,0.0
0.9153755621271119,1.0
0.8792413552762347,1.0
0.003291932916285469,0.0
0.018865115230848124,0.0
0.07336188163296924,0.0
0.9386091079661126,1.0
0.9885080724310439,1.0
0.006078476291874713,0.0
0.08015708736983874,0.0
0.9883480791874552,1.0
0.005829547628175248,0.0
0.021056513271963295,0.0
0.998448510385223,1.0
0.0070041457118165595,0.0
0.9128405566229468,1.0
0.9952193372388393,1.0
0.9926000823247672,1.0
0.009751345022400012,0.0
0.0012456426732203006,0.0
0.003176057701392365,0.0
0.987617951291773,1.0
0.011966094326182349,0.0
0.9532254337455367,1.0
0.009289715238444017,0.0
0.005938706107854962,0.0
0.9691804387859763,1.0
0.9705961064823249,1.0
0.05019418131938068,0.0
0.02302399767675816,0.0
0.9717832287532212,1.0
0.9835675321243421,1.0
0.0026480227097962286,0.0
0.005449970669080702,0.0
0.011532673650621545,0.0
0.0018348336242721237,0.0
0.002219423383513735,0.0
0.9885536750794893,1.0
0.0036980274923241164,0.0
0.015303506946938744,0.0
0.01991624952774106,0.0
0.015769328256467187,0.0
0.0018058143924545337,0.0
0.961405496904284,1.0
0.0034319899188282547,0.0
0.9938898535079362,1.0
0.9959837468583154,1.0
0.0006115716916290146,0.0
0.008106491736277987,0.0
0.9835844594981371,1.0
0.9975919938850335,1.0
0.9688040850854323,1.0
0.019138170170005964,0.0
0.9632674871340322,1.0
0.9914593947895549,1.0
0.9991901895152094,1.0
0.08645108748289529,0.0
0.9583028841344059,1.0
0.9447509798596355,1.0
0.029593597110898526,0.0
0.0018210399229387467,0.0
0.9723956625347444,1.0
0.000971649540869157,0.0
0.006642605383321622,0.0
0.9897570899736978,1.0
0.9513628054114226,1.0
0.9452862291726561,1.0
0.007133908888132424,0.0
0.0030281993076433787,0.0
0.947733372903999,1.0
0.004992292027160237,0.0
0.9990472869630184,1.0
0.9403608087414738,1.0
0.954901034262225,1.0
0.0017342742758763012,0.0
0.9234818626497988,1.0
0.9106122836118925,1.0
0.019731205544325524,0.0
0.005433483132026209,0.0
0.0033687263692206426,0.0
0.9334120503936089,1.0
0.9473051870489059,1.0
0.9893212176036635,1.0
0.9494015368923394,1.0
0.9854732499022774,1.0
0.008056744909710114,0.0
0.9626583036776246,1.0
0.9377970635250656,1.0
0.005956276482440285,0.0
0.9921103741020046,1.0
0.9941077807585352,1.0
0.004134844307342882,0.0
0.8828429547763442,1.0
0.004127617954198426,0.0
0.9576310053659121,1.0
0.006243269584871936,0.0
0.9677181805068911,1.0
0.9662815744134768,1.0
0.9986288169013312,1.0
0.017022622655312233,0.0
0.9850554653804451,1.0
0.022618721494014508,0.0
0.0007618352940092273,0.0
0.00025260275290909883,0.0
0.906334334456141,1.0
0.9384259700314379,1.0
0.03368129404946209,0.0
0.9723365274811737,1.0
0.0067691906179254534,0.0
0.014268940797208854,0.0
0.008579917113466744,0.0
0.04196587307892672,0.0
0.0037800532175885308,0.0
0.07251490113170934,0.0
0.004759145366442539,0.0
0.9859604643713862,1.0
0.004926901522213069,0.0
0.05795486626151785,0.0
0.12431677776283825,0.0
0.9911639360651715,1.0
0.012800266893195139,0.0
0.979718102420016,1.0
0.9522367633636677,1.0
0.9620576254889365,1.0
0.957691339288032,1.0
0.9708193045836044,1.0
0.9478269069595423,1.0
0.021692356609665217,0.0
0.003014746265314332,0.0
0.9834284620289502,1.0
0.0013552817945343286,0.0
0.009390234536171028,0.0
0.008674275255510112,0.0
0.0038682592863596875,0.0
0.8962473813291756,1.0
0.0018391873004683923,0.0
0.9956177270620459,1.0
0.003132922848521201,0.0
0.9700164259099279,1.0
0.007562293552546728,0.0
0.9874285797449239,1.0
0.004615576907197185,0.0
0.011528190439170522,0.0
0.9710827187707896,1.0
0.9857052643058977,1.0
0.00025260275290909883,0.0
0.9462070290063908,1.0
0.9555089111332188,1.0
0.9787193726596555,1.0
0.9955737323327499,1.0
0.06799631791090101,0.0
0.897119140667577,1.0
0.986078539931604,1.0
0.9896520849377104,1.0
0.972163646220316,1.0
0.06682465679669264,0.0
0.011634174007680435,0.0
0.8949101348947248,1.0
0.9824978356482821,1.0
0.9845762098740385,1.0
0.9891955093628867,1.0
0.8916797342425078,1.0
0.002619417597050054,0.0
0.9758009667540899,1.0
0.004765607704332935,0.0
0.008058540921922697,0.0
0.9585590032543848,1.0
0.002139412401264318,0.0
0.004647707268564506,0.0
0.9404515326438658,1.0
0.06763174425137788,0.0
0.9667071609670408,1.0
0.959212027571832,1.0
0.922151282148084,1.0
0.9563815670393597,1.0
0.8787456664376181,1.0
0.0056853496483184746,0.0
0.9841670590767373,1.0
0.003413330295305517,0.0
0.0007319043971554313,0.0
0.00938609311279448,0.0
0.005738703921338868,0.0
0.9950774597891429,1.0
0.9640485496870601,1.0
0.42869726597388613,0.0
0.9133757025307665,1.0
0.009292819694799162,0.0
0.8754892857329742,1.0
0.017491075866036796,0.0
0.016974118109824708,0.0
0.005201024344787048,0.0
0.005335109453724361,0.0
0.9854914702901801,1.0
0.000968687144304191,0.0
0.012800654496654055,0.0
0.05623982107731582,0.0
0.8738796440471792,1.0
0.005817496239816911,0.0
0.735110302890952,1.0
0.9786947768550712,1.0
0.016487737025395327,0.0
0.9979045213715908,1.0
0.9787151621612974,1.0
0.9424504815884434,1.0
0.00137693538247842,0.0
0.9941658340203137,1.0
0.02461572349078755,0.0
0.9417665451318817,1.0
0.12718661410732993,0.0
0.9939422018961728,1.0
0.003970227212845566,0.0
0.0004294473463545269,0.0
0.006304238489614803,0.0
0.963778341901178,1.0
0.9873396708508718,1.0
0.9138353236126296,1.0
0.011601763555586479,0.0
0.8288598430130568,1.0
0.979857204358482,1.0
0.9966187904966244,1.0
0.9721115213536672,1.0
0.9990201837171933,1.0
0.969272011590479,1.0
0.9618309456573387,1.0
0.9566107019914112,1.0
0.9401270307888407,1.0
0.9699253499482926,1.0
0.9723108941189913,1.0
0.0699693786475188,0.0
0.002647813718442196,0.0
0.023127516176187482,0.0
0.007171356277837181,0.0
0.9517832006029115,1.0
0.0040906537666292025,0.0
0.009188095058864499,0.0
0.9204173383433011,1.0
0.008909540446742822,0.0
0.0006955139262912664,0.0
0.9923429689904607,1.0
0.9176641883562127,1.0
0.0009587808748049709,0.0
0.9628702139888076,1.0
0.8833612181109731,1.0
0.9741035567424755,1.0
0.9829460737986306,1.0
0.944425479000485,1.0
0.995333582694651,1.0
0.99655179331189,1.0
0.9960405201507141,1.0
0.00811139246039757,0.0
0.0063483824481605,0.0
0.998930712052129,1.0
0.01027625752085974,0.0
0.9925327735307071,1.0
0.00812344240698127,0.0
0.9889970053565388,1.0
0.9674700269197923,1.0
0.04525253824338127,0.0
0.0047241533803650815,0.0
0.013790060869548662,0.0
0.9650264300681018,1.0
0.001562791644812148,0.0
0.023162932744952736,0.0
0.976067457553942,1.0
0.9953793698374443,1.0
0.0039770030540043485,0.0
0.6671543683526414,0.0
0.9916047480846278,1.0
0.0035332887484932148,0.0
0.11115910012726496,0.0
0.9937696560413023,1.0
0.05890272601764221,0.0
0.006144742456286822,0.0
0.981901710393658,1.0
0.921097907433112,1.0
0.9901762141577479,1.0
0.0014881900653204443,0.0
0.014218010446548782,0.0
0.8922109884375415,1.0
0.0016819323240008517,0.0
0.011649731564751936,0.0
0.005755944941217428,0.0
0.977053334989763,1.0
0.006126687785475157,0.0
0.9772112906994377,1.0
0.9696085835029039,1.0
0.9396720270998589,1.0
0.0013287173487809931,0.0
0.9389708592176074,1.0
0.9480222546473949,1.0
0.0045111690209306225,0.0
0.9968749578736238,1.0
0.0011432734256006057,0.0
0.012130283117257628,0.0
0.8972944240506269,1.0
0.05843646651878274,0.0
0.0016069970346936067,0.0
0.9950296840261812,1.0
0.9658055082779748,1.0
0.011976263971463766,0.0
0.9241677161232577,1.0
0.966843878212377,1.0
0.010854055742697922,0.0
0.9487675060608155,1.0
0.033024767966415944,0.0
0.003541781850008235,0.0
0.9039637714663559,1.0
0.02952696279264439,0.0
0.00025260275290909883,0.0
0.9490289529590654,1.0
0.010333826241002445,0.0
0.002570549203338995,0.0
0.9771320052421489,1.0
0.023757505747652955,0.0
0.9825488493969874,1.0
0.0016354969762953301,0.0
0.0010610492056667385,0.0
0.0031182586717681824,0.0
0.9942141400852766,1.0
0.942308319885448,1.0
0.005997641369071151,0.0
0.01898078973458174,0.0
0.8965024714869264,1.0
0.003970227212845566,0.0
0.9503203460030275,1.0
0.033445123557320135,0.0
0.9936313723981196,1.0
0.9877222872920491,1.0
0.008765821118592296,0.0
0.906523370002122,1.0
0.007817329082959238,0.0
0.009519470009671297,0.0
0.9941103396206037,1.0
0.923582423668701,1.0
0.03311870861267806,0.0
0.0030885456263894107,0.0
0.002624332485339743,0.0
0.9588967257314762,1.0
0.029139439455310695,0.0
0.9191157074685934,1.0
0.9545364424047951,1.0
0.8671683479586882,1.0
0.00280208565383157,0.0
0.1860503138480814,0.0
0.9962231244361435,1.0
0.0021302562220032084,0.0
0.007319514843365532,0.0
0.20748011834798905,0.0
0.0025191425396447528,0.0
0.9613718805034521,1.0
0.9915731286842452,1.0
0.9948197260846277,1.0
0.955270284511029,1.0
0.9496814847058421,1.0
0.9955732474404091,1.0
0.9440530828090472,1.0
0.8492667915606721,1.0
0.9932655632775905,1.0
0.0021268571476431913,0.0
0.9647055846715515,1.0
0.9726852051791802,1.0
0.0012356287457565265,0.0
0.976324429224394,1.0
0.011588282356866176,0.0
0.9713068511092072,1.0
0.0010412449007045138,0.0
0.9833522925668436,1.0
0.05398959665041214,0.0
0.9850063661493956,1.0
0.011222876916709666,0.0
0.9771368467656592,1.0
0.9679997782407312,1.0
0.0029372951745110826,0.0
0.9664071550111271,1.0
0.0011144509708339973,0.0
0.10546427368011431,0.0
0.9722620306222616,1.0
0.028881737434481376,0.0
0.007978651924253165,0.0
0.0060771262754915085,0.0
0.9794363854617248,1.0
0.2844339982905296,0.0
0.9523913453317185,1.0
0.9711461759100525,1.0
0.9625172875750864,1.0
0.9245983864748364,1.0
0.004598808821628054,0.0
0.9982088126396149,1.0
0.9728141012743936,1.0
0.9695039393860745,1.0
0.9132575591815107,1.0
0.01183819887136862,0.0
0.9923072753159973,1.0
0.000591330571132654,0.0
0.02457956866048148,0.0
0.9826881403577644,1.0
0.9419320827420734,1.0
0.9924771308237205,1.0
0.9593347044818781,1.0
0.9732925361948227,1.0
0.009639419415496769,0.0
0.011465896562425266,0.0
0.967045303687932,1.0
0.9921556676704468,1.0
0.007014655262941488,0.0
0.0015515854185190433,0.0
0.9895757807497227,1.0
0.00025260275290909883,0.0
0.18465221457195527,0.0
0.003095626677244864,0.0
0.901969669144285,1.0
0.016414985291196543,0.0
0.0023630815811384012,0.0
0.0035710131606564374,0.0
0.9571282151086951,1.0
0.932008422244736,1.0
0.9481381107267814,1.0
0.9712298643964601,1.0
0.9526603364172359,1.0
0.04555318105824262,0.0
0.0035849178650596363,0.0
0.9216119607028465,1.0
0.9911479422991216,1.0
0.0038486231303104003,0.0
0.004126971803329257,0.0
0.0016181401002591527,0.0
0.9829469545773103,1.0
0.9415444981391058,1.0
0.990220293978158,1.0
0.9438881593100276,1.0
0.9664071550111271,1.0
0.9878791544224477,1.0
0.9685974830969778,1.0
0.9741226603086577,1.0
0.9919166883820949,1.0
0.005122485147077783,0.0
0.9708805162479078,1.0
0.9687795429989329,1.0
0.09543090007479839,0.0
0.9541015643817382,1.0
0.9905415002918552,1.0
0.9860146684519675,1.0
0.9714440119554882,1.0
0.9298390477601179,1.0
0.038020016063274764,0.0
0.9659980446297639,1.0
0.002955707892537923,0.0
0.002297025649457279,0.0
0.993843963578378,1.0
0.9732368426117687,1.0
0.9854954031685227,1.0
0.0011051276196172599,0.0
0.9640485496870601,1.0
0.0034449763184070665,0.0
0.002058745219748549,0.0
0.0014900349843322937,0.0
0.9952739809560243,1.0
0.002706428535093215,0.0
0.002549449010507715,0.0
0.012001703680344146,0.0
0.9736787397225563,1.0
0.0013819683951101407,0.0
0.9764057747481595,1.0
0.005477841518686055,0.0
0.028548942388788676,0.0
0.0011506962198224672,0.0
0.9425018303910411,1.0
0.005120305970985744,0.0
0.9770844178701407,1.0
0.9785453132775009,1.0
0.0027098596332317468,0.0
0.0034892832960829482,0.0
0.9963542003560224,1.0
0.014254433854701883,0.0
0.9123696562551206,1.0
0.9134877069832441,1.0
0.001166318316649039,0.0
0.982028757122031,1.0
0.9883581556455028,1.0
0.0005931898099890529,0.0
0.018570001457095333,0.0
0.021359375085994534,0.0
0.006919498696893895,0.0
0.01189917631844031,0.0
0.0008747491186174647,0.0
0.9804931643107803,1.0
0.004856241232177359,0.0
0.9970163884257806,0.0
0.9946361532188114,1.0
0.032431569709003995,0.0
0.00032042433713269175,0.0
0.97143208775095,1.0
0.0023626431144808573,0.0
0.004766559952032058,0.0
0.014220913019182383,0.0
0.0019365778317930618,0.0
0.9982195463774978,1.0
0.9808430646592902,1.0
0.9960365485241626,1.0
0.9501957386998195,1.0
0.021844902245120527,0.0
0.0034731420532537007,0.0
0.10132207319086504,0.0
0.9862246379180394,1.0
0.03753022582754419,0.0
0.9825762222770263,1.0
0.9901458034605816,1.0
0.9538708239446644,1.0
0.012252060414730223,0.0
0.004575867469386904,0.0
0.9588419719611238,1.0
0.9502580721340275,1.0
0.8182474667732144,1.0
0.9331457940529223,1.0
0.9823296437743246,1.0
0.9941295621175943,1.0
0.005204672509631446,0.0
0.0018499717202978456,0.0
0.02909606100521469,0.0
0.002161728951189753,0.0
0.0034467657774010234,0.0
0.9687795429989329,1.0
0.917830062588252,1.0
0.00771302556332984,0.0
0.9798251969417281,1.0
0.03307379839412692,0.0
0.013417009647720126,0.0
0.0011432734256006057,0.0
0.0017236060988992023,0.0
0.15036608457419268,0.0
0.971180063743639,1.0
0.9979898197006017,1.0
0.0011880686617680278,0.0
0.9774626232157554,1.0
0.9977695360706873,1.0
0.9795680896718538,1.0
0.008305809907041092,0.0
0.7518786328113488,1.0
0.014972785818900632,0.0
0.919323861792911,1.0
0.9942556133369287,1.0
0.014587552749386489,0.0
0.9889207493293881,1.0
0.005436389096881853,0.0
0.8786771368511429,1.0
0.02961333557433333,0.0
0.014369490222292263,0.0
0.7911172760262115,1.0
0.0007968311162664637,0.0
0.9881117395682167,1.0
0.00476295147107139,0.0
0.0003663371305934954,0.0
0.0017453021592996306,0.0
0.00836726353617843,0.0
0.9920669519800817,1.0
0.002864814662890951,0.0
0.9490636929712376,1.0
0.9573047059973046,1.0
0.006312681766063916,0.0
0.9834297554324607,1.0
0.00723311494877982,0.0
0.0006928961204436041,0.0
0.0007363256727586515,0.0
0.9769739434863528,1.0
0.0009233785118763928,0.0
0.0024499364649717306,0.0
0.00430859661730499,0.0
0.8841036560276533,1.0
0.020683881173175104,0.0
0.9975821726325066,1.0
0.01237432663598373,0.0
0.8911199288377747,1.0
0.003545639556716326,0.0
0.002852877786662262,0.0
0.972489874492809,1.0
0.0048659080421885,0.0
0.39241277701318605,0.0
0.9747959834574673,1.0
0.05008095976019783,0.0
0.9182134537928666,1.0
0.0010000472011135956,0.0
0.9804321062468783,1.0
0.0032559673016925184,0.0
0.003356163753746744,0.0
0.9529870817140347,1.0
0.9881951871098233,1.0
0.97131557954696,1.0
0.9483381523183146,1.0
0.9326922108534993,1.0
0.00896026351884194,0.0
0.0027239947943790035,0.0
0.024114826204273337,0.0
0.00422016124218067,0.0
0.9148170025467904,1.0
0.9983483498928792,0.0
0.0059383029599712695,0.0
0.0011896351435255854,0.0
0.9906471952224816,1.0
0.9696918294123859,1.0
0.9708162551148909,1.0
0.9435974490222314,1.0
0.9884390235558081,1.0
0.007008184447171721,0.0
0.9337095662332523,1.0
0.03549133642747716,0.0
0.9618564562560658,1.0
0.985603705922599,1.0
0.9975953182277704,1.0
0.0039200442373495195,0.0
0.019405585601352693,0.0
0.32711730059340344,0.0
0.9939492013538173,1.0
0.001687934972867871,0.0
0.9951441936443727,1.0
0.03083105688166295,0.0
0.9563720090490593,1.0
0.9127709928018949,1.0
0.9497713680886024,1.0
0.0029578247963473517,0.0
0.9831989784388262,1.0
0.003043538954912905,0.0
0.007844422477297613,0.0
0.9891436173368104,1.0
0.003393215069101639,0.0
0.07516599449852956,0.0
0.003496402995363857,0.0
0.95350404958219,1.0
0.012582153330329486,0.0
0.9949340688211006,1.0
0.006354659213405776,0.0
0.0022673635031396923,0.0
0.9974508771364958,1.0
0.9470930805784926,1.0
0.9892950114377096,1.0
0.9310367063788011,1.0
0.99852812282742,1.0
0.9665620966592464,1.0
0.004849654884852141,0.0
0.9451319978482962,1.0
0.030708015832987382,0.0
0.9275701681370255,1.0
0.006700045578721997,0.0
0.015228442975728408,0.0
0.943109419579114,1.0
0.004871115377536236,0.0
0.9794930670005506,1.0
0.0022592649972373235,0.0
0.9540832185522571,1.0
0.954046995570873,1.0
0.993948925132807,1.0
0.011712980452892196,0.0
0.8941802198678622,1.0
0.9801429894878139,1.0
0.9989591456348986,1.0
0.017213308024827678,0.0
0.12580654578622444,0.0
0.9877649631861297,1.0
0.9595880565411,1.0
0.003725483493767117,0.0
0.004321825708465197,0.0
0.01118013469286216,0.0
0.02476710817606747,0.0
0.0031292046020399305,0.0
0.0198807475738916,0.0
0.972419079494123,1.0
0.03523356479253967,0.0
0.009841903550030966,0.0
0.0015839180162282094,0.0
0.9445458013394972,1.0
0.0039050019967332484,0.0
0.9950260146789354,1.0
0.0004397319184205995,0.0
0.053649508087353505,0.0
0.00478099037328822,0.0
0.0014436973874354525,0.0
0.013612744738044972,0.0
0.004386662452964689,0.0
0.013830029744357032,0.0
0.018238413154335102,0.0
0.007444292368478087,0.0
0.0017002238561606333,0.0
0.008864113948867736,0.0
0.8455722412413917,1.0
0.9692154481853106,1.0
0.008847705301105221,0.0
0.9721535977253459,1.0
0.0024291776777637815,0.0
0.0036848094605169105,0.0
0.837857524303764,1.0
0.3660515278857088,0.0
0.14981300692027047,0.0
0.0005397749668502736,0.0
0.9503913653651506,1.0
0.9408073910404079,1.0
0.9637444359701907,1.0
0.9682957985100432,1.0
0.007825371194013163,0.0
0.0009919886799399696,0.0
0.0023795897909192785,0.0
0.9499882388875504,1.0
0.9989082063685311,1.0
0.928929549979506,1.0
0.9942030304085351,1.0
0.9894011372126491,1.0
0.005412074189503634,0.0
0.00551993116021971,0.0
0.004452651348665305,0.0
0.9766754843775951,1.0
0.01863514762271774,0.0
0.9598723545292193,1.0
0.9566489450909207,1.0
0.8568689517610273,1.0
0.010027617107392918,0.0
0.9085251614374202,1.0
0.9997817067885715,1.0
0.922827876264577,1.0
0.9923461690043207,1.0
0.038693475077509656,0.0
0.9112083103621567,1.0
0.003611081115826829,0.0
0.9524515229827305,1.0
0.01034679394543091,0.0
0.01319295239684142,0.0
0.029690140979349494,0.0
0.012292680780930649,0.0
0.01540861841590648,0.0
0.9364827183185959,1.0
0.961534620322012,1.0
0.8401421407351313,1.0
0.010598936587226949,0.0
0.9258743511695438,1.0
0.974756711285408,1.0
0.9587150346418234,1.0
0.010543331121147446,0.0
0.9789426464608849,1.0
0.019230516728581153,0.0
0.9686768085544608,1.0
0.979182348742416,1.0
0.0010359936843831008,0.0
0.9646160225633581,1.0
0.01965372584499022,0.0
0.6029943271496141,0.0
0.9495812967780035,1.0
0.031440595873475786,0.0
0.0022788344440654385,0.0
0.03396772757373926,0.0
0.01254733227288725,0.0
0.9849695707721271,1.0
0.001441107919834764,0.0
0.003809399830842224,0.0
0.046701607027468256,0.0
0.9460127163830852,1.0
0.9542770103037155,1.0
0.0018367138113961423,0.0
0.0021314198658195773,0.0
0.01637198453706155,0.0
0.9690077813707378,1.0
0.6744793095879699,0.0
0.9659656268938864,1.0
0.9396493470334437,0.0
0.9731328707111101,1.0
0.9408991189457334,1.0
0.9232741502700191,1.0
0.006289131474905998,0.0
0.9611975318675602,1.0
0.0035120758026582545,0.0
0.01373047879604569,0.0
0.9865337299566788,1.0
0.026965494568248587,0.0
0.042265554254003614,0.0
0.820570453339173,0.0
0.99143045373768,1.0
0.0031725363896745987,0.0
0.004826002957930649,0.0
0.0009279774104979643,0.0
0.0030788351756220475,0.0
0.0024552555542908332,0.0
0.01954525417987428,0.0
0.010976333144100611,0.0
0.9853184849864738,1.0
0.9986140590960224,1.0
0.9037888375450583,1.0
0.009738666397409664,0.0
0.003771876131424604,0.0
0.941302302146251,1.0
0.9730478316395441,1.0
0.9933558768359686,1.0
0.9845144352995714,1.0
0.0061430448589467335,0.0
0.9925921320740151,1.0
0.9988501978812132,1.0
0.8828262945541275,1.0
0.0012949286961376402,0.0
0.003015727018148756,0.0
0.9854316549749739,1.0
0.9615872972936401,1.0
0.0006360178062548928,0.0
0.9833914581694878,1.0
0.0007694559596059432,0.0
0.998848852898631,0.0
0.004885890604268324,0.0
0.007570127700915651,0.0
0.9096500958796535,1.0
0.9934499513604539,1.0
0.001744617488189961,0.0
0.9353685568647998,1.0
0.006417142810857141,0.0
0.8979670001612217,1.0
0.9022815621760975,1.0
0.005192793585665413,0.0
0.9562752979626028,1.0
0.09032984401547334,0.0
0.008598111904855729,0.0
0.006899395847044245,0.0
0.9642980082996349,1.0
0.8039106728625923,0.0
0.9824355364782777,1.0
0.005996768391886706,0.0
0.006565092963669396,0.0
0.982946950072262,1.0
0.004919326628861975,0.0
0.00274650813627968,0.0
0.006527707305782623,0.0
0.9545948131577076,1.0
0.9759626032784957,1.0
0.9457595021552646,1.0
0.09032984401547334,0.0
0.11080799578723945,0.0
0.9641056344838251,1.0
0.8090604165920311,1.0
0.05417170078632532,0.0
0.008648094296195145,0.0
0.8947582995108604,1.0
0.015101724170656444,0.0
0.9954456841324605,1.0
0.005224487434306226,0.0
0.9175930863958653,1.0
0.0003918437366157536,0.0
0.01563690321196622,0.0
0.0043272695152956125,0.0
0.07046025296520214,0.0
0.9302559184604333,1.0
0.9689917048358041,1.0
0.0023626431144808573,0.0
0.0058623502574766595,0.0
0.00363269511750834,0.0
0.9173438865293423,1.0
0.03511461716309141,0.0
0.9963569870046031,1.0
0.9515742911865809,1.0
0.9794800520020556,1.0
0.04319495333276663,0.0
0.9659656268938864,1.0
0.9705161386198728,1.0
0.008818963230359106,0.0
0.9693175485721806,1.0
0.9981349137868818,1.0
0.9978039861040197,1.0
0.3014979333666859,0.0
0.0025892794105565856,0.0
0.008478950588778164,0.0
0.9616981646937337,1.0
0.007208459814375038,0.0
0.03629053468076311,0.0
0.9963569870046031,1.0
0.9138235914969557,1.0
0.998843988986404,1.0
0.9676214486702349,1.0
0.9333220457800627,1.0
0.008414954625273249,0.0
0.00433351002616133,0.0
0.0007606636060278095,0.0
0.9421866357419199,1.0
0.005759997053788741,0.0
0.004864792339660628,0.0
0.0024867031612677863,0.0
0.9933746316914679,1.0
0.1337310133494725,0.0
0.008956133053272503,0.0
0.006582322828964094,0.0
0.9959491973890685,1.0
0.999238499725945,1.0
0.9432121128644165,1.0
0.004720512352160246,0.0
0.9942028314195043,1.0
0.9911872315420955,1.0
0.9993366377295398,1.0
0.9603019583117623,1.0
0.004137069960345837,0.0
0.0005206950042183139,0.0
0.9925180695349181,1.0
0.024442793917472033,0.0
0.003176057701392371,0.0
0.8595165295121305,1.0
0.9722805605576845,1.0
0.00801341359016337,0.0
0.9924470140062647,1.0
0.0029823761059451447,0.0
0.9938135925915775,1.0
0.8842883714231324,1.0
0.964010286355146,1.0
0.003962990539521123,0.0
0.4240445947061156,0.0
0.008759705433323849,0.0
0.9664071550111271,1.0
0.004519979543304243,0.0
0.006416726963172689,0.0
0.9916910680702905,1.0
0.2561395132482456,0.0
0.9962633812221806,1.0
0.9924560109595957,1.0
0.9897890607317449,1.0
0.0019155468964171737,0.0
0.006565950999986395,0.0
0.050834864744679395,0.0
0.994854322532513,1.0
0.9674877364343686,1.0
0.8872438503139352,1.0
0.994248412154783,1.0
0.016835768647998805,0.0
0.012503593301940273,0.0
0.9398351629128108,1.0
0.972909706449432,1.0
0.9455521508240784,1.0
0.971604917424484,1.0
0.009069339281956657,0.0
0.9501906772826508,1.0
0.017160042866377238,0.0
0.0157029209634888,0.0
0.006614366727011915,0.0
0.9134311389288822,1.0
0.0064507308356624455,0.0
0.9567378095612459,1.0
0.011036910988147011,0.0
0.9637514761030403,1.0
0.002559325120182159,0.0
0.10334898890923731,0.0
0.9917931812350316,1.0
0.9508760443062928,1.0
0.048453652562230165,0.0
0.0025218489057254934,0.0
0.9364095869761817,1.0
0.009579576076566291,0.0
0.0553538747626725,0.0
0.0007621486022128458,0.0
0.028941608635098252,0.0
0.9059094461246565,1.0
0.9857107531109056,1.0
0.9735853411858635,1.0
0.0002864437572626226,0.0
0.025807202788885295,0.0
0.9924059403139958,1.0
0.002809698506091674,0.0
0.09305953689701099,0.0
0.989558881477272,1.0
0.0015472056691679446,0.0
0.002938569506038605,0.0
0.9892342404230497,1.0
0.010010378955458409,0.0
0.0014218697381613449,0.0
0.005617519697695849,0.0
0.8217667963906615,1.0
0.002928495550051695,0.0
0.002542977048039335,0.0
0.0013314291921685264,0.0
0.9980065462374815,1.0
0.0003219238477615922,0.0
0.9988515925548089,1.0
0.016129296478928724,0.0
0.0016182308945505066,0.0
0.004181014470097352,0.0
0.02228293832268598,0.0
0.9473899116373758,1.0
0.9360466630472752,1.0
0.9788277395759079,1.0
0.0007481020296829624,0.0
0.9727294615349991,1.0
0.1246385943234804,0.0
0.00431057353099558,0.0
0.0032329965547450833,0.0
0.9375471624613402,1.0
0.0026593339311830597,0.0
0.013213546235427465,0.0
0.9351342191363424,1.0
0.00433318545533386,0.0
0.9878791544224477,1.0
0.001866018165541498,0.0
0.9794789743762802,1.0
0.0024106379162043205,0.0
0.009217584370608375,0.0
0.0036106930605912177,0.0
0.9940203500183477,1.0
0.9741135778739084,1.0
0.8812372724475112,1.0
0.9275022326694101,1.0
0.008308351404652966,0.0
0.8883604109679432,1.0
0.9589948737428577,1.0
0.9699818061286187,1.0
0.8882066782502274,1.0
0.013127931073761437,0.0
0.9883099598354766,1.0
0.9424314630935918,1.0
0.9949725710325079,1.0
0.981790498076082,1.0
0.005117679595471312,0.0
0.014411333768213913,0.0
0.996483959752134,1.0
0.01310182995553753,0.0
0.008984759828402153,0.0
0.937011427474319,1.0
0.8902092465253261,1.0
0.9650038101539018,1.0
0.9236804783585634,1.0
0.003533349087693282,0.0
0.0024417164393696167,0.0
0.002484134372432274,0.0
0.010627056933536286,0.0
0.9968955782966581,1.0
0.9689329979381577,1.0
0.019166098148470027,0.0
0.9848846594466928,1.0
0.03787450631764558,0.0
0.953327772293415,1.0
0.9469450015707137,1.0
0.009897745744730756,0.0
0.9920438850480955,1.0
0.9487513462351269,1.0
0.9505773796143614,1.0
0.9933977168307266,1.0
0.0006680037160855184,0.0
0.006367454498976325,0.0
0.9763581504585516,1.0
0.9981613026485926,1.0
0.003090021459295392,0.0
0.9896938020059914,1.0
0.0017624288161428763,0.0
0.9630842843613157,1.0
0.9778577258945232,1.0
0.9909539749717144,1.0
0.0005715808865081446,0.0
0.7178849390958327,0.0
0.007236609644704345,0.0
0.011299785982129195,0.0
0.004226924141729579,0.0
0.006328315037492005,0.0
0.008648094296195145,0.0
0.9472694568694963,1.0
0.0025560251743752247,0.0
0.0014385664435668582,0.0
0.8927537881217487,1.0
0.9244977477705315,1.0
0.9965726978750462,1.0
0.9154646020188117,1.0
0.003060818654967068,0.0
0.004168379076330938,0.0
0.005456559715810943,0.0
0.002594380062326914,0.0
0.009246628564383503,0.0
0.9627946969497216,1.0
0.9384443994082516,1.0
0.005425453825948917,0.0
0.0023222483062573236,0.0
0.018704758454329538,0.0
0.9689884623961206,1.0
0.0010751063138917719,0.0
0.9941682185392985,1.0
0.014700838024095846,0.0
0.0009051364886186855,0.0
0.000621049499027892,0.0
0.0034238409728432396,0.0
0.0031275694558230353,0.0
0.020342163823495785,0.0
0.9181932410316082,1.0
0.9739466028994213,1.0
0.9862414907573557,1.0
0.007979337406215927,0.0
0.9938200313519386,1.0
0.9967176521638748,1.0
0.8929622617371842,1.0
0.00840383123384357,0.0
0.9525895883757383,1.0
0.008295001016283419,0.0
0.9878591567200209,1.0
0.0062139552942176105,0.0
0.9675580816439975,1.0
0.9475354202088833,1.0
0.8890766682430887,1.0
0.9937302721329652,1.0
0.3564409321548679,0.0
0.006946651872719355,0.0
0.0007053050953044855,0.0
0.007116553131336179,0.0
0.9302559184604333,1.0
0.9769722933173847,1.0
0.0021072511963335355,0.0
0.9973534012946201,1.0
0.009952275737700744,0.0
0.9990987379248034,1.0
0.9441382869532493,1.0
0.006765520327491603,0.0
0.01576896990920079,0.0
0.9783721776900818,1.0
0.0013177632103844904,0.0
0.9460827919800583,1.0
0.9364160843508802,1.0
0.008987037599392147,0.0
0.005801638201773063,0.0
0.9517045693115354,1.0
0.01151857078472598,0.0
0.0032831545479672067,0.0
0.9804763296497206,1.0
0.9199991798700403,1.0
0.14107765803484798,0.0
0.0025106457403101996,0.0
0.003453149625057027,0.0
0.005577081969337893,0.0
0.009682445197895908,0.0
0.0005564172469158705,0.0
0.8885459970539497,1.0
0.004502706205171262,0.0
0.9286375529103313,1.0
0.007502334924261348,0.0
0.9597404518203136,1.0
0.9660654544371978,1.0
0.9809806404438524,1.0
0.9550674890099624,1.0
0.0018102157105757974,0.0
0.9915090734740518,1.0
0.009979394336544939,0.0
0.0574710669264732,0.0
0.9903900627128727,1.0
0.005460020722569338,0.0
0.9608185420227667,1.0
0.9829034374100917,1.0
0.4768258361418242,0.0
0.0131725727473856,0.0
0.01132313450717233,0.0
0.996788416966611,1.0
0.0010347517478422462,0.0
0.9066461073233777,1.0
0.12698401555161806,0.0
0.9676214486702349,1.0
0.01154765611675065,0.0
0.9842853508011763,1.0
0.010283266485031167,0.0
0.9004230501567044,1.0
0.0036532734786056268,0.0
0.0027221740766266026,0.0
0.9705372735886755,1.0
0.0039498269564296785,0.0
0.9960102167645007,1.0
0.9867206080704607,1.0
0.9432121128644165,1.0
0.936850938992896,1.0
0.9560371101221092,1.0
0.8932896304211086,1.0
0.9454361459292392,1.0
0.00360217936863725,0.0
0.007319514843365532,0.0
0.007213890082304387,0.0
0.9283975625224855,1.0
0.0013421560647262996,0.0
0.9865958196346254,1.0
0.9138512737718268,1.0
0.9486513396568038,1.0
0.9973297751591241,1.0
0.9902255523613379,1.0
0.9793323475226761,1.0
0.9945475147962279,1.0
0.0008868689501382004,0.0
0.9911142343134214,1.0
0.9181399804093398,1.0
0.9534043942505415,1.0
0.0079032209634557,0.0
0.043447544481856566,0.0
0.9433126764723134,1.0
0.9132575591815107,1.0
0.9843584087085697,1.0
0.009666689936705535,0.0
0.9760762668275064,1.0
0.976478628447906,1.0
0.8940788030463177,1.0
0.3106702152457007,0.0
0.9401270307888407,1.0
0.9514206350227982,1.0
0.9943110658477712,1.0
0.8802623335654369,1.0
0.0855456153112692,0.0
0.006267829953594822,0.0
0.0029369580999290493,0.0
0.0032488139311176783,0.0
0.025156311968987082,0.0
0.9838375750227633,1.0
0.9577431560791562,1.0
0.7551413651057951,0.0
0.9536630856194601,1.0
0.0011881921620893133,0.0
0.005379060697402913,0.0
0.001192618662402027,0.0
0.9825209344688686,1.0
0.9666280278493151,1.0
0.11342856904512094,0.0
0.9407118708548355,1.0
0.0011025676680998244,0.0
0.0015504257721670293,0.0
0.0008758011888647671,0.0
0.8935368684888617,1.0
0.028355720250868296,0.0
0.9746007302140507,1.0
0.9985360346082197,1.0
0.000523761149955445,0.0
0.946428579519831,1.0
0.0016794238466904161,0.0
0.9789626218174461,1.0
0.9590127529593655,1.0
0.006415541790279451,0.0
0.015580800591451203,0.0
0.9748852783610072,1.0
0.9261760409734225,1.0
0.9839544561420728,1.0
0.005617418468397786,0.0
0.009666553550509214,0.0
0.9688210009479999,1.0
0.008521550750327565,0.0
0.0017660291101428511,0.0
0.9474989705826914,1.0
0.014319261342746052,0.0
0.9816699982840988,1.0
0.0029185921312494677,0.0
0.9981132734320975,1.0
0.004445487586699709,0.0
0.9167768518450692,1.0
0.002711099512107697,0.0
0.0010013961335371187,0.0
0.031440595873475786,0.0
0.004604014778529816,0.0
0.001608523054588331,0.0
0.9207342979368793,1.0
0.040491453357672826,0.0
0.9797130649208116,1.0
0.0007542168153548405,0.0
0.9814949179494635,1.0
0.003973038437281714,0.0
0.9935099213053986,1.0
0.9750196964361122,1.0
0.9796260195156049,1.0
0.9843465861350942,1.0
0.9570153603865565,1.0
0.001124292336965917,0.0
0.0021094491685923274,0.0
0.019316886205331563,0.0
0.027448498381392857,0.0
0.42827646564448174,0.0
0.005448040924427642,0.0
0.012604839500315507,0.0
0.0027623477384908037,0.0
0.002363693921404257,0.0
0.9048310350799291,1.0
0.949889718720092,1.0
0.0021050013062257032,0.0
0.9925060279988963,1.0
0.8971417650258962,1.0
0.9989005560423222,1.0
0.9862798145114992,1.0
0.8981937482499663,1.0
0.018877220639161894,0.0
0.000713705979732076,0.0
0.9809912093602655,1.0
0.8902092465253261,1.0
0.0009071715514997778,0.0
0.9688475986657309,1.0
0.004239729125833931,0.0
0.9950744135728609,1.0
0.001713284440544556,0.0
0.00025260275290909883,0.0
0.9764700095593589,1.0
0.9972434371505767,1.0
0.9525929827158531,1.0
0.0025412522913945456,0.0
0.0017087272327834134,0.0
0.9543653546007326,1.0
0.003958107600511026,0.0
0.9055892990841964,1.0
0.0008314297961641585,0.0
0.013275028760786654,0.0
0.9988593513669112,1.0
0.007780392356319878,0.0
0.9445857242572588,1.0
0.9651462330739132,1.0
0.004820258481414658,0.0
0.8871934029994107,1.0
0.00458125235339045,0.0
0.003653326277900966,0.0
0.9608683774264054,1.0
0.03911804997180758,0.0
0.0011144509708339973,0.0
0.944085486396843,1.0
0.9973928843078276,1.0
0.012694928430347576,0.0
0.845359049612584,1.0
0.0026187869372946444,0.0
0.9965612382773889,1.0
0.9756698249394233,1.0
0.0012844123073745435,0.0
0.005460463185718621,0.0
0.0020626646221994717,0.0
0.003019858235521483,0.0
0.3971585101273757,0.0
0.0015889866687125549,0.0
0.021168613329902133,0.0
0.9764308672787935,1.0
0.565921746492212,0.0
0.0031965192298190528,0.0
0.014610563756619533,0.0
0.017043557745988116,0.0
0.9844260135633187,1.0
0.04409547158792111,0.0
0.0024361058988705193,0.0
0.9714697019046079,1.0
0.0009507237279245556,0.0
0.9149920183890602,1.0
0.9797155536149412,1.0
0.9418338117470348,1.0
0.16956709351386132,0.0
0.9570095447988047,1.0
0.9244302763864389,1.0
0.9598674300185818,1.0
0.9707510123584457,1.0
0.006463852229618837,0.0
0.9868446029845469,1.0
0.97557566984189,1.0
0.19037270441239393,0.0
0.9906379154891354,1.0
0.0026029568346469687,0.0
0.9445188733382169,1.0
0.002651513528255789,0.0
0.06447227138924863,0.0
0.9966334617965605,1.0
0.945677767088207,1.0
0.047361726937576336,0.0
0.0027514255220426657,0.0
0.0012912500873157246,0.0
0.9600466711865814,1.0
0.009036184046411213,0.0
0.0017343621811066144,0.0
0.0019941581729817637,0.0
0.9955583303920811,1.0
0.0032713306947156364,0.0
0.033081866433287754,0.0
0.0025218489057254913,0.0
0.012264967673112765,0.0
0.005420614951027131,0.0
0.007389930586921113,0.0
0.926680938875368,1.0
0.0018117239970028493,0.0
0.9944357250229161,1.0
0.9829531231326745,1.0
0.009583624649891206,0.0
0.9830218503437061,1.0
0.002285402605282356,0.0
0.009862105678585998,0.0
0.8952806505502893,1.0
0.00501630886002286,0.0
0.03254914470574791,0.0
0.003101186753853652,0.0
0.9833387571964847,1.0
0.9579940984204264,1.0
0.9026598117221896,1.0
0.005894829903596239,0.0
0.9422665683304733,1.0
0.9983904422146149,1.0
0.7899228115646522,1.0
0.0026484296900810417,0.0
0.015021113590130575,0.0
0.8775583626681022,1.0
0.9695428797765104,1.0
0.9972425379413453,1.0
0.9419320827420734,1.0
0.9666165329092934,1.0
0.004425215958908052,0.0
0.9286375529103313,1.0
0.0037997125854206276,0.0
0.01863501815618077,0.0
0.0032321408510207423,0.0
0.9831035819824208,1.0
0.00035469073928268293,0.0
0.8380796607027438,1.0
0.004908768561462121,0.0
0.7540667724206727,1.0
0.0011133482161478055,0.0
0.9600950921422385,1.0
0.9981681972585315,1.0
0.9316662549369699,1.0
0.995647852215469,1.0
0.991989281803022,1.0
0.0012231955497266531,0.0
0.9258743511695438,1.0
0.9896731081168668,1.0
0.0028898368347804494,0.0
0.0012417169028514177,0.0
0.9968973726815026,1.0
0.10831252048310964,0.0
0.9089231718678679,1.0
0.9928558602706956,1.0
0.9643939257548098,1.0
0.9764075074482059,1.0
0.0006988985757158179,0.0
0.9816972274598275,1.0
0.9939578786069274,1.0
0.0016284631646904955,0.0
0.9384482610764409,1.0
0.9773611561382075,1.0
0.01804893501952853,0.0
0.005392235368330561,0.0
0.02107205049629164,0.0
0.9642352420260705,1.0
0.9856393360595889,1.0
0.012077040648960433,0.0
0.007614169494106208,0.0
0.02009586060719469,0.0
0.9440700568932395,1.0
0.8613664587644645,1.0
0.9642343936105192,1.0
0.002233581937798504,0.0
0.9982956263004059,1.0
0.9116797064555273,1.0
0.00269505396490224,0.0
0.9969777827763602,1.0
0.9550740893918366,1.0
0.002320367897206643,0.0
0.968202292071193,1.0
0.0763650864761432,0.0
0.009005077509755498,0.0
0.0026264986356810648,0.0
0.0074286667550311995,0.0
0.9762005351619354,1.0
0.9962811645961198,1.0
0.40058500802521824,0.0
0.9379461445871731,1.0
0.0010854728425323168,0.0
0.0018185749308167222,0.0
0.010852187974431911,0.0
0.9807785298641016,1.0
0.0016131153442337262,0.0
0.9707936309836632,1.0
0.006049512349664356,0.0
0.02647867706479389,0.0
0.0009397075707948534,0.0
0.006489851577391421,0.0
0.9652964934710189,1.0
0.0036525544985452165,0.0
0.9523913453317185,1.0
0.0021320383944296983,0.0
0.9485195485433053,1.0
0.01724678519280575,0.0
0.988189919801657,1.0
0.9545185373965067,1.0
0.9511733329455251,1.0
0.9865214743942845,1.0
0.9795957698327143,1.0
0.0015733666291347427,0.0
0.9586306766369826,1.0
0.9910224409381405,1.0
0.9779087192751644,1.0
0.007806080617434522,0.0
0.001702054822292255,0.0
0.007537763989797184,0.0
0.0032830707574710866,0.0
0.9428718115261011,1.0
0.9114099103572308,1.0
0.9968974646698989,1.0
0.9376678533802655,1.0
0.9988398561596499,1.0
0.9176641883562127,1.0
0.998064648743727,1.0
0.0004654581430222181,0.0
0.9649770452731602,1.0
0.0028408446732136766,0.0
0.005859839873882485,0.0
0.1541781650825778,0.0
0.005665497882049292,0.0
0.8707254246191719,1.0
0.021320072705491466,0.0
0.0645440254564972,0.0
0.9241806795292203,1.0
0.997908240724712,1.0
0.0013870296333294884,0.0
0.4112094288367988,0.0
0.0008291184774960212,0.0
0.05388890703423912,0.0
0.004090962604855678,0.0
0.9943406979115889,1.0
0.12675221209266366,0.0
0.9945003825761495,1.0
0.004406222400519662,0.0
0.9873800350653011,1.0
0.9913534242704399,1.0
0.04087692400271078,0.0
0.951319182182408,1.0
0.2395513700135357,0.0
0.004520413833926651,0.0
0.05821899924882678,0.0
0.9806486064625025,1.0
0.9943451060210932,1.0
0.961310451292142,1.0
0.9817409403438248,1.0
0.8860530736010829,1.0
0.004139662640298338,0.0
0.9971791824142578,1.0
0.6117572700821787,0.0
0.9634276344516528,1.0
0.9402064143167898,1.0
0.9408685606768622,1.0
0.0019917858251405347,0.0
0.00390002981396596,0.0
0.9146350690726235,1.0
0.0006777118839560426,0.0
0.9762984961246945,1.0
0.00955903417190315,0.0
0.0038865526367320184,0.0
0.9481381107267814,1.0
0.7736431744903074,0.0
0.9667385701743249,1.0
0.9599476872895408,1.0
0.9653371262037816,1.0
0.01761934334950163,0.0
0.004763521603096574,0.0
0.9915637225026283,1.0
0.004075450331463132,0.0
0.18139086691152329,0.0
0.0006152062525800637,0.0
0.9254641581420664,1.0
0.9457803721732999,1.0
0.9468560752937851,1.0
0.9613718805034521,1.0
0.009989658651802959,0.0
0.9883464217513879,1.0
0.9727244968924527,1.0
0.9942132773720112,1.0
0.9728743251663957,1.0
0.9553971112222593,1.0
0.007412061455540561,0.0
0.01096345412273294,0.0
0.5344358404070555,0.0
0.0088738813790184,0.0
0.006031575848126376,0.0
0.017007752418417826,0.0
0.988713969211079,1.0
0.0007694559596059432,0.0
0.008855147789106671,0.0
0.2561395132482456,0.0
0.9781913739693296,1.0
0.9598801193587131,1.0
0.979264138249402,1.0
0.0061886892295187745,0.0
0.9892014597052919,1.0
0.9693408441423897,1.0
0.00228844466933443,0.0
0.920485671126858,1.0
0.2862251538408292,0.0
0.003428158949180386,0.0
0.8978227237073176,1.0
0.007474634423235639,0.0
0.004904595627336212,0.0
0.010013246377632356,0.0
0.8774474858512916,1.0
0.9942995048337774,1.0
0.0004615698777662655,0.0
0.9888188189532181,1.0
0.8998981552142065,1.0
0.8871595546729182,1.0
0.9470709268441425,1.0
0.01597831922597388,0.0
0.0008356917114397036,0.0
0.018450397031340472,0.0
0.006559787795056459,0.0
0.006708945343525054,0.0
0.004552745999767535,0.0
0.9785703872032027,1.0
0.006394431663774927,0.0
0.7994564844799092,1.0
0.9984808493316416,1.0
0.9406800691143913,1.0
0.9768953249160809,1.0
0.026020304505805187,0.0
0.01164531424697288,0.0
0.001443375896688796,0.0
0.031310132066162004,0.0
0.007335704429371299,0.0
0.999628300149668,1.0
0.8816815551347507,1.0
0.0023531661980596016,0.0
0.954477985880675,1.0
0.9889372341487882,1.0
0.004894453193441948,0.0
0.0007665732498549658,0.0
0.9535025231262675,1.0
0.0022993380137745606,0.0
0.012881931396674604,0.0
0.36421628699606734,0.0
0.010243741436379171,0.0
0.0037773266757088735,0.0
0.8669111386941617,1.0
0.9027220286899692,1.0
0.9952535047678446,1.0
0.8787456664376181,1.0
0.0071871293682721415,0.0
0.9416423329310759,1.0
0.9986022336678502,1.0
0.008363276889399723,0.0
0.015081981359321055,0.0
0.9597494851620995,1.0
0.9733917197604754,1.0
0.7379182831887009,0.0
0.8610990925358966,1.0
0.9449708850385522,1.0
0.0033943735123856057,0.0
0.010509613040306794,0.0
0.08601176557848966,0.0
0.0070861648750441516,0.0
0.997728205426065,1.0
0.007161679370692742,0.0
0.0010733380058036966,0.0
0.9747839300458419,1.0
0.03578368555505043,0.0
0.9475549780331487,1.0
0.01689678745093296,0.0
0.0007872036299445194,0.0
0.013030026546353268,0.0
0.013713092588887867,0.0
0.9961382175977406,1.0
0.6761955929274248,0.0
0.0006937207495346123,0.0
0.9764969319740897,1.0
0.02460282434902747,0.0
0.9558335033039924,1.0
0.9496814847058421,1.0
0.9151615760487913,1.0
0.0005303149446636559,0.0
0.0032815420103902613,0.0
0.0016044224701863838,0.0
0.0014915636485307111,0.0
0.9537875847999882,1.0
0.9271264917763441,1.0
0.9939010229076913,1.0
0.0006095378040980804,0.0
0.9922431923819637,1.0
0.0038605841775386724,0.0
0.9860611540798339,1.0
0.9588181484302035,1.0
0.0030042564712679277,0.0
0.9890567525631592,1.0
0.990547713704176,1.0
0.006998610786914735,0.0
0.9972680344566556,1.0
0.9306446956506791,1.0
0.0035551878609676605,0.0
0.002598624293909024,0.0
0.9414223106947893,1.0
0.010154575695180777,0.0
0.9982946871669909,1.0
0.9882709090816615,1.0
0.0010412449007045138,0.0
0.9918623026289325,1.0
0.006219984538382088,0.0
0.959764548577589,1.0
0.0009999966940689791,0.0
0.9953309558232243,1.0
0.050136508591697715,0.0
0.0015198951236120787,0.0
0.9905835945726745,1.0
0.0021458181846814132,0.0
0.9601723816694009,1.0
0.9574595962735257,1.0
0.01772934556119225,0.0
0.9799590738088358,1.0
0.9799590738088358,1.0
0.9496172550696267,1.0
0.04732515733393475,0.0
0.9957628318442135,1.0
0.00132918506661273,0.0
0.9960357917522392,1.0
0.0034176704697307866,0.0
0.9941811166823576,1.0
0.0032146733265321706,0.0
0.14798021300198616,0.0
0.0020654516059484497,0.0
0.004442615542904933,0.0
0.9924225888622255,1.0
0.002733288047484174,0.0
0.9465320975000809,1.0
0.0030175542279086676,0.0
0.9966528250778384,1.0
0.9451085474946176,1.0
0.9996659924547016,1.0
0.012046903969848047,0.0
0.02978367961049247,0.0
0.9774372689544532,1.0
0.010109277265395114,0.0
0.004731201381486275,0.0
0.22201849487706973,0.0
0.026320560577352044,0.0
0.041895600588226715,0.0
0.004243089827721713,0.0
0.08340258717503159,0.0
0.01934648210036802,0.0
0.9619476130238142,1.0
0.0022660194282239773,0.0
0.014726530224585878,0.0
0.01295643899802649,0.0
0.01133390541987221,0.0
0.00675112776721483,0.0
0.9455648038994833,1.0
0.006260872277328605,0.0
0.9717832287532212,1.0
0.014895875431435158,0.0
0.10875671978895227,0.0
0.8958012647092857,1.0
0.992689181968017,1.0
0.9719911076773091,1.0
0.9579040520743367,1.0
0.04963494294033308,0.0
0.0006825507955468241,0.0
0.061667678512467516,0.0
0.01733946968251028,0.0
0.003078947104829295,0.0
0.0024855216882039796,0.0
0.8974506510575941,1.0
0.9511599486279821,1.0
0.9926143099588265,1.0
0.0017890541457492453,0.0
0.0008517109455132544,0.0
0.966578072653291,1.0
0.016171441500663585,0.0
0.9964953487245135,1.0
0.9931846523717142,1.0
0.9597521385983202,1.0
0.0016071033003223155,0.0
0.0036406958381038274,0.0
0.9938200313519386,1.0
0.001317423651051195,0.0
0.0011172191066593637,0.0
0.9900965998164724,1.0
0.9974204508733059,1.0
0.9748473763873859,1.0
0.027196598214771578,0.0
0.976067457553942,1.0
0.007309069288394695,0.0
0.002651513528255789,0.0
0.9974550497353684,1.0
0.9744668732948495,1.0
0.9781703812270969,1.0
0.9452600228979254,1.0
0.9528863282583014,1.0
0.1191114939910067,0.0
0.0003316371291931727,0.0
0.004156436489143311,0.0
0.9726784620329446,1.0
0.002272174328072412,0.0
0.9679770541408714,1.0
0.0037687452634862103,0.0
0.004127617954198426,0.0
0.985750941196183,1.0
0.942243361903544,1.0
0.9771377035674578,1.0
0.9339205635219836,1.0
0.012254320494064634,0.0
0.9941590634015861,1.0
0.007506060958275146,0.0
0.9863720260685422,1.0
0.004378982342094307,0.0
0.9983454550012789,1.0
0.9884799049097251,1.0
0.001770269982794789,0.0
0.014514149267158544,0.0
0.9869914974919907,1.0
0.9590079775143974,1.0
0.0006181890291323622,0.0
0.0061663104090523115,0.0
0.001977083621026311,0.0
0.0031278933001212283,0.0
0.9389700666987588,1.0
0.9797389478120327,1.0
0.9504787907958806,1.0
0.002144477229224785,0.0
0.9609892477675888,1.0
0.1066046121665553,0.0
0.976329121569088,1.0
0.07930242444783457,0.0
0.005065226028947789,0.0
0.011339053034035951,0.0
0.9370823331028371,1.0
0.005602940171544574,0.0
0.9508760443062928,1.0
0.9810353452020109,1.0
0.9251465734653527,1.0
0.9580149940501147,1.0
0.9698687032009548,1.0
0.004332619215637077,0.0
0.983540553671075,1.0
0.949889718720092,1.0
0.0010077311869514177,0.0
0.9901759282406375,1.0
0.006703733182605084,0.0
0.845486539395156,1.0
0.002009948335994076,0.0
0.020336158738251953,0.0
0.9751286775969881,1.0
0.9288443634101745,1.0
0.015507887411874087,0.0
0.0035799692656350015,0.0
0.9814204532932161,1.0
0.0014066035429740427,0.0
0.9925305798311987,1.0
0.9823207969116985,1.0
0.030442582050456492,0.0
0.9600466711865814,1.0
0.0013082004197747812,0.0
0.9766963851777923,1.0
0.031018562352189978,0.0
0.9662561290072585,1.0
0.9963859709274686,1.0
0.00486700011349805,0.0
0.010442731402767583,0.0
0.9398578060438696,1.0
0.9949936842309168,1.0
0.007344453884055358,0.0
0.0053414594112891,0.0
0.0005683077923519152,0.0
0.0007900003672666508,0.0
0.9081448500100723,1.0
0.9081448500100723,1.0
0.129121074628617,0.0
0.9920304059133006,1.0
0.0072803863789590645,0.0
0.01295391648717982,0.0
0.0023564625560662704,0.0
0.004550213516053221,0.0
0.9980537130580174,0.0
0.973369331346824,1.0
0.005580190410489339,0.0
0.00833805254532668,0.0
0.9942869039299361,1.0
0.9957084277530552,1.0
0.005999773451659277,0.0
0.9685177077519047,1.0
0.007052456234879566,0.0
0.01703617135497343,0.0
0.01607591968190391,0.0
0.008244770328813808,0.0
0.9958171002890414,1.0
0.847221633504527,1.0
0.0371818630781948,0.0
0.9283482214401105,1.0
0.997042078738171,1.0
0.0012243362335159255,0.0
0.9624640949140828,1.0
0.011412017752197096,0.0
0.9861922039307276,1.0
0.9944880692179844,1.0
0.9998283377501922,1.0
0.0008892359533651863,0.0
0.005427841013132756,0.0
0.9758068178556579,1.0
0.9577739895699883,1.0
0.9748814193487175,1.0
0.004807223351641573,0.0
0.002777571782549825,0.0
0.9832186532182597,1.0
0.9847446213451677,1.0
0.0009961836956322422,0.0
0.0006365470874304382,0.0
0.003834220547363606,0.0
0.9473487112881976,1.0
0.007320868667418657,0.0
0.9774514881611682,1.0
0.008517440317963388,0.0
0.9979016793084604,1.0
0.0025541713790345542,0.0
0.926942862271952,1.0
0.9932940035079658,1.0
0.8463326476539095,1.0
0.9410411524076255,1.0
0.9625502600239921,1.0
0.0006038431928839036,0.0
0.014122667480226994,0.0
0.9918501056537239,1.0
0.9990360913700063,1.0
0.0013495042956223199,0.0
0.8070812803817476,0.0
0.9967523403703671,1.0
0.9954114064887283,1.0
0.9644389615893346,1.0
0.9870712004984747,1.0
0.9842121831551064,1.0
0.0034869965337971753,0.0
0.0017973965527091611,0.0
0.9894481115929094,1.0
0.9371313786381037,1.0
0.9730939099180594,1.0
0.010739240974268816,0.0
0.9514826549626663,1.0
0.0029508622516322153,0.0
0.9931466969098549,1.0
0.9094770737021601,1.0
0.9975953182277704,1.0
0.9901207241168523,1.0
0.005679042430485782,0.0
0.9215265654463809,1.0
0.0009051364886186855,0.0
0.990458772446209,1.0
0.002763737199943547,0.0
0.9873314813580119,1.0
0.010587623043223552,0.0
0.0020492135216814127,0.0
0.0015021708673616943,0.0
0.9600517761680448,1.0
0.01043310135421651,0.0
0.9236589471886032,1.0
0.000862601872595748,0.0
0.028308942288120635,0.0
0.9733406971574106,1.0
0.987870523520598,1.0
0.009814882149126649,0.0
0.0009765458398594008,0.0
0.9192387679385552,1.0
0.9575507243907364,1.0
0.21636972927058215,0.0
0.015047794022367096,0.0
0.004802602411255534,0.0
0.9976578610923257,1.0
0.9897480193605805,1.0
0.9945442786317026,1.0
0.2540408330833193,0.0
0.001135138682586488,0.0
0.9827749498225515,1.0
0.9568036516326072,1.0
0.0011076005377625656,0.0
0.9656401322022016,1.0
0.9461052100706968,1.0
0.9217226806829525,1.0
0.980533178995951,1.0
0.001507894065265868,0.0
0.9872538785827518,1.0
0.0016217003049916272,0.0
0.9565294233274391,1.0
0.0006988985757158179,0.0
0.023095174241390022,0.0
0.01708811091404539,0.0
0.943673675572201,1.0
0.0037091995242481838,0.0
0.008162471022956067,0.0
0.03153614127710875,0.0
0.9913445599255143,1.0
0.9817409403438248,1.0
0.9805189998767122,1.0
0.0014006960116422162,0.0
0.9598014213635235,1.0
0.9517045693115354,1.0
0.9552301303478739,1.0
0.9200156583698268,1.0
0.0010189775041861877,0.0
0.001521942957413094,0.0
0.014786929505142108,0.0
0.9471844393207788,1.0
0.19009502339546752,0.0
0.02679861737472646,0.0
0.011615888889050843,0.0
0.9402348285077238,1.0
0.9151870324533488,1.0
0.9593726046352881,1.0
0.8105762564253098,1.0
0.009973280177539205,0.0
0.005013826445432234,0.0
0.9423179823923583,1.0
0.9741817409211497,1.0
0.003067709256246613,0.0
0.913785308907884,1.0
0.89230056444032,1.0
0.016035299388516867,0.0
0.9491981825084276,1.0
0.004414898905802344,0.0
0.9469450015707137,1.0
0.000668320438659469,0.0
0.9232157083909757,1.0
0.045464252452417475,0.0
0.00025260275290909883,0.0
0.001255297005735099,0.0
0.881988383167451,1.0
0.005168773225264561,0.0
0.9951080291920569,1.0
0.007874481297462228,0.0
0.9689335869860538,1.0
0.004064152841545241,0.0
0.0025560251743752247,0.0
0.004414898905802344,0.0
0.007982594865773818,0.0
0.9382218963904038,1.0
0.9790860983458193,1.0
0.9475753957009391,1.0
0.9649199329654295,1.0
0.9825621655488181,1.0
0.9642191111395579,1.0
0.963741944111085,1.0
0.9753251981922325,1.0
0.8129048977612781,1.0
0.013902327685909545,0.0
0.007078995243347202,0.0
0.9749318939406586,1.0
0.0016159535267328041,0.0
0.0019584468088389333,0.0
0.002598737119485232,0.0
0.0013218696510785665,0.0
0.9639754617441262,1.0
0.0036036132379359412,0.0
0.002642725457968685,0.0
0.9963977883232625,1.0
0.9869429661178111,1.0
0.012815184721903105,0.0
0.9445770081436016,1.0
0.011243005453412534,0.0
0.005847447105697205,0.0
0.9854611027945014,1.0
0.9657444431143459,1.0
0.009651524034887811,0.0
0.0052968447237563355,0.0
0.0016235970537652018,0.0
0.9059072652992054,1.0
0.0038529810185398373,0.0
0.007065460140665065,0.0
0.9286375529103313,1.0
0.02254183031445669,0.0
0.9842389821137127,1.0
0.005533996818942134,0.0
0.9833387571964847,1.0
0.06896808477143522,0.0
0.02896956427611575,0.0
0.8356583973944827,1.0
0.9499882388875504,1.0
0.010866125990674604,0.0
0.9320478564969245,1.0
0.8688528094795945,1.0
0.9141251963585819,1.0
0.005951376981395114,0.0
0.9756405433543078,1.0
0.007311915724431999,0.0
0.9497035618831727,1.0
0.004657265544418837,0.0
0.002808307952560302,0.0
0.8288252547362507,1.0
0.0020305632804647525,0.0
0.9468560752937851,1.0
0.9959217329085467,1.0
0.9910675247750791,1.0
0.9958846675832176,1.0
0.9538178751974039,1.0
0.9964636934542034,1.0
0.8720716707766044,1.0
0.9638335831199902,1.0
0.9951045375498102,1.0
0.014452657647099637,0.0
0.0015448725942327581,0.0
0.986316651878351,1.0
0.024530695069587893,0.0
0.0004176671339225995,0.0
0.9603686998950439,1.0
0.8995690556161114,1.0
0.002231117911371641,0.0
0.883706111130506,1.0
0.9368542037117674,1.0
0.9848919685776557,1.0
0.9504809241137495,1.0
0.01543556049680839,0.0
0.020912385769566978,0.0
0.007177957804411217,0.0
0.0019155468964171737,0.0
0.005285571827676612,0.0
0.9645530533865069,1.0
0.9840300269277955,1.0
0.9628643275166946,1.0
0.016129296478928724,0.0
0.008706484054869344,0.0
0.0005513067587996341,0.0
0.9630271796999422,1.0
0.9950344016616051,1.0
0.0049063936189946995,0.0
0.0039200442373495195,0.0
0.019092225217452748,0.0
0.0012998485251242617,0.0
0.05357767099985036,0.0
0.7736431744903074,0.0
0.0036554472008305254,0.0
0.9646689512533185,1.0
0.989319662805555,1.0
0.0031916523185063638,0.0
0.016711597749903676,0.0
0.9825734754878678,1.0
0.02294296876003115,0.0
0.9750875565536221,1.0
0.0024832295379217844,0.0
0.9800670375446856,1.0
0.0032241804094379056,0.0
0.9415840949921236,1.0
0.07486342239076782,0.0
0.0018479107495974788,0.0
0.004907237796779947,0.0
0.003123184572356986,0.0
0.9924958196769591,1.0
0.5547844453605156,0.0
0.9833412872049992,1.0
0.01355517654103988,0.0
0.005136007905802471,0.0
0.938796688619424,1.0
0.97143208775095,1.0
0.9230034532010208,1.0
0.9860261958939819,1.0
0.982940474209189,1.0
0.01483037657823362,0.0
0.0012140086166843947,0.0
0.003142094602700522,0.0
0.01027783883483719,0.0
0.9993853957470346,1.0
0.984917784902223,1.0
0.0010369275041225636,0.0
0.006415541790279463,0.0
0.002221814948594714,0.0
0.9885563004324966,1.0
0.0031585093363788214,0.0
0.0007418047289072957,0.0
0.00162710935712469,0.0
0.005794579319520998,0.0
0.012558248485918954,0.0
0.9902340794262469,1.0
0.021898012310950083,0.0
0.9765277585343797,1.0
0.0012764827360630196,0.0
0.015384300358949707,0.0
0.9131108308993917,1.0
0.011423343136681864,0.0
0.9687123887511634,1.0
0.08871180843200033,0.0
0.0540280352354863,0.0
0.9913463388597785,1.0
0.019921370658421967,0.0
0.979293749071317,1.0
0.04153969845518326,0.0
0.021281202693652284,0.0
0.9620739765174987,1.0
0.001511552921314233,0.0
0.0028230137187716907,0.0
0.4574645475932955,0.0
0.04802929228316713,0.0
0.9823506986387759,1.0
0.00025260275290909883,0.0
0.9994432766586429,1.0
0.9277432884918936,1.0
0.04503062124009088,0.0
0.0074050505260063095,0.0
0.9397401533801619,1.0
0.9942061417824428,1.0
0.9945831143328394,1.0
0.9583512104051082,1.0
0.029321780610418756,0.0
0.004907356036022383,0.0
0.0008150284529544151,0.0
0.0068935686818693605,0.0
0.2496768527962013,0.0
0.000846681393023925,0.0
0.9150908104391826,1.0
0.00025260275290909883,0.0
0.005125097489824859,0.0
0.00281184962723838,0.0
0.9962894923052675,1.0
0.0012722823176389902,0.0
0.9493076082528992,1.0
0.0023039834814915466,0.0
0.9940013180952425,1.0
0.0003407886416264148,0.0
0.9889955818668582,1.0
0.07360269702165143,0.0
0.9789356784261596,1.0
0.003599811850227029,0.0
0.00351374403592902,0.0
0.0008804763055087563,0.0
0.9698702321022047,1.0
0.008929140767277854,0.0
0.034737242752031446,0.0
0.12109082240343753,0.0
0.963988313648756,1.0
0.0008452296650040545,0.0
0.9508035139777672,1.0
0.8520039212411183,1.0
0.9842834944798762,1.0
0.008378150968157257,0.0
0.9345244249290705,1.0
0.9715941548640956,1.0
0.0004548571119423488,0.0
0.0008121623560671509,0.0
0.9381336881824874,1.0
0.9739280907245764,1.0
0.8569681643743329,1.0
0.9619857660586996,1.0
0.9406250064975333,1.0
0.017007752418417826,0.0
0.008782215816875803,0.0
0.0026950143642124553,0.0
0.27645603836450117,0.0
0.0002866280224264916,0.0
0.002602108820252341,0.0
0.9528863282583014,1.0
0.9918622778540375,1.0
0.0014977829323255549,0.0
0.991510963170043,1.0
0.8854800961003115,1.0
0.9560201073627634,1.0
0.002570728957818446,0.0
0.9958794222134466,1.0
0.9946831653759456,1.0
0.013794294015876543,0.0
0.01733917827907721,0.0
0.9596869242164997,1.0
0.0021726151938985866,0.0
0.0013523865319884933,0.0
0.9671225369668739,1.0
0.9759048119662245,1.0
0.9326989432582603,1.0
0.00025260275290909883,0.0
0.9250568653881345,1.0
0.5651697473112368,0.0
0.9364767574279492,1.0
0.0018467657186323509,0.0
0.970230037564473,1.0
0.9459299530444052,1.0
0.08618099417692916,0.0
0.002804380324408704,0.0
0.01062362807862033,0.0
0.9948235852109718,1.0
0.003349723266703382,0.0
0.8518273714857127,1.0
0.9540071947204909,1.0
0.008183409497859666,0.0
0.8739521102407277,1.0
0.011352800334394486,0.0
0.9029612236937361,1.0
0.9765723601635484,1.0
0.054497291732857535,0.0
0.0285121409174266,0.0
0.07160795044892374,0.0
0.941302302146251,1.0
0.0054993527167055516,0.0
0.0007418047289072957,0.0
0.0002884839366241571,0.0
0.0010668906628895235,0.0
0.013216304403902233,0.0
0.8801310596377533,1.0
0.07727665870145178,0.0
0.0299074422802553,0.0
0.9875387683225842,1.0
0.8527823455187673,1.0
0.9770844178701407,1.0
0.9806045267442068,1.0
0.04618876338332318,0.0
0.9378557933300479,1.0
0.9711761967727628,1.0
0.010275870970157083,0.0
0.8759002135993971,1.0
0.9569746542962257,1.0
0.9665056181006035,1.0
0.13762984370781492,0.0
0.013006185793856036,0.0
0.9393844702537513,1.0
0.0014767934490187299,0.0
0.9525895883757383,1.0
0.9614848611936977,1.0
0.034968579373988166,0.0
0.9883183209009269,1.0
0.9940076410461437,1.0
0.002075544482332853,0.0
0.9673636580001408,1.0
0.9700565505766794,1.0
0.9283168563404343,1.0
0.0019515668731179313,0.0
0.9948657473804486,1.0
0.9895996980464359,1.0
0.940236500738485,1.0
0.0038052438370041247,0.0
0.010664713873036493,0.0
0.00937455916604445,0.0
0.9925761767578545,1.0
0.0167790846764517,0.0
0.011270300649134797,0.0
0.0015760581061045604,0.0
0.9425018303910411,1.0
0.026751448926431783,0.0
0.949798376191774,1.0
0.0007786470949522718,0.0
0.986440484218656,1.0
0.8522697805272742,1.0
0.00728201431165905,0.0
0.9756336243373512,1.0
0.9881418870082517,1.0
0.9959091276705818,1.0
0.05358764361436301,0.0
0.9960911445633094,1.0
0.965401983504671,1.0
0.9765675065175846,1.0
0.9788305561342749,1.0
0.5485613445167208,0.0
0.9789184283698508,1.0
0.0006775209025349675,0.0
0.9870374123623701,1.0
0.0032658168519372386,0.0
0.011877079674649987,0.0
0.004691495928876488,0.0
0.9789778551916996,1.0
0.9903318571613587,1.0
0.9698082617290602,1.0
0.9579582213344512,1.0
0.029196015139627655,0.0
0.0009078123928391016,0.0
0.9704492412807744,1.0
0.007510074950936083,0.0
0.06719419328761789,0.0
0.00032662741894927367,0.0
0.9775420909073658,1.0
0.0011051276196172599,0.0
0.9893900796961979,1.0
0.9738207365615644,1.0
0.008288382897685697,0.0
0.27507415197571206,0.0
0.011849623529849123,0.0
0.003661613392161645,0.0
0.9860064990749815,1.0
0.0005445470527826565,0.0
0.004363921644225807,0.0
0.9588669636735461,1.0
0.9969632821283405,1.0
0.9459128867429243,1.0
0.9941276721254309,1.0
0.22425617607052273,0.0
0.9143066356250792,1.0
0.9885330791640816,1.0
0.001580163035043274,0.0
0.04285795851324038,0.0
0.04753189067073953,0.0
0.006728717596408773,0.0
0.0063184240889256555,0.0
0.0002864437572626226,0.0
0.9358779141183956,1.0
0.9681924097981938,1.0
0.9958467215109819,1.0
0.9524602128080226,1.0
0.996938382368696,1.0
0.0011744866179823421,0.0
0.013396269350299386,0.0
0.9362882736726164,1.0
0.00343104406754561,0.0
0.0016107613776652212,0.0
0.9893505129396698,1.0
0.9808835183058807,1.0
0.9421007430906195,1.0
0.00045483999217265855,0.0
0.8751615796031128,1.0
0.0042942862950075865,0.0
0.9922199225186171,1.0
0.9715033374159765,1.0
0.006843683533717223,0.0
0.009652920897105354,0.0
0.9517533226828332,1.0
0.9735330307877365,1.0
0.004040896717596946,0.0
0.9987169771783189,1.0
0.9958259243144647,1.0
0.9020514075000087,1.0
0.9718304512000684,1.0
0.9642354464484535,1.0
0.2865118841423579,0.0
0.9250568653881345,1.0
0.0014238768957973806,0.0
0.9854015734033467,1.0
0.009202809217167863,0.0
0.9907034111026084,1.0
0.7781197804974852,0.0
0.0026852995320295423,0.0
0.02738464719099952,0.0
0.009496444848449219,0.0
0.0016780339933726812,0.0
0.014173037535032898,0.0
0.9114099103572308,1.0
0.005744455458569872,0.0
0.9697200481551805,1.0
0.008599053468440816,0.0
0.19813851505209554,0.0
0.9759059203937366,1.0
0.9615865854048937,1.0
0.956293230283602,1.0
0.9918956967546992,1.0
0.9546685432705624,1.0
0.0018830569429541014,0.0
0.9887337718233162,1.0
0.005893018288927584,0.0
0.9736787397225563,1.0
0.9711146849991779,1.0
0.0030653286409110443,0.0
0.9616064167188368,1.0
0.0013018648526781868,0.0
0.0051395437844489,0.0
0.0047183133347515815,0.0
0.9368049752586973,1.0
0.9402863437391983,1.0
0.022046054895943475,0.0
0.9953744272181931,1.0
0.0020626646221994717,0.0
0.003376643081586361,0.0
0.007284413878065046,0.0
0.9326031537139036,1.0
0.002479625050380138,0.0
0.06740033404423237,0.0
0.0016290235391587238,0.0
0.9909036711005469,1.0
0.7781197804974852,0.0
0.0007226307421922296,0.0
0.0006502212149188786,0.0
0.9699253499482926,1.0
0.00344174872305644,0.0
0.9387692237757637,1.0
0.0026058166928007607,0.0
0.0022470386999845307,0.0
0.9089893338210259,1.0
0.9592865589138063,1.0
0.9603718929162283,1.0
0.004076199685798453,0.0
0.98598417045302,1.0
0.9970189855990695,1.0
0.8625817664253903,1.0
0.990133291852527,1.0
0.9719356778028438,1.0
0.007902245821666064,0.0
0.9718858888497668,1.0
0.8555048192151056,1.0
0.0009907097992920089,0.0
0.9245661368902177,1.0
0.9981333094650827,1.0
0.9440888549719844,1.0
0.9855690044063121,1.0
0.9971227334085528,1.0
0.05276428709767208,0.0
0.010527084815884862,0.0
0.052316830616654895,0.0
0.05617399969249554,0.0
0.0055916969267520815,0.0
0.010168456892423267,0.0
0.9919663802077066,1.0
0.9510698483926056,1.0
0.9928776456351431,1.0
0.9798163580130531,1.0
0.013075442999725817,0.0
0.010932681307879341,0.0
0.005521403430162956,0.0
0.002474623474174076,0.0
0.9474989705826914,1.0
0.017108512779512287,0.0
0.9729126244554873,1.0
0.004523511899290327,0.0
0.9499283071268814,1.0
0.032834499762281665,0.0
0.002919751319966986,0.0
0.9696866036889409,1.0
0.005451486093947544,0.0
0.954477985880675,1.0
0.990919102064362,1.0
0.0023331814744752526,0.0
0.866208046355816,1.0
0.9874769406129076,1.0
0.9732687958722482,1.0
0.6602662027001928,0.0
0.9772405344020514,1.0
0.916946367951215,1.0
0.0030554749689192346,0.0
0.02012146027155033,0.0
0.995520495017548,1.0
0.9769193123735421,1.0
0.022194154687985482,0.0
0.9967080204856124,1.0
0.0025023101623609374,0.0
0.588128667367625,0.0
0.8917438613362384,1.0
0.08793108116584177,0.0
0.9927160316890667,1.0
0.0006355664321293249,0.0
0.002738388565641882,0.0
0.001652225682871114,0.0
0.9729716527784914,1.0
0.012984681115996918,0.0
0.006709366664762864,0.0
0.9600397218984684,1.0
0.5532322398853539,0.0
0.8967864193124252,1.0
0.9816111646068308,1.0
0.00789803767443444,0.0
0.046784136175427204,0.0
0.002013945995942932,0.0
0.9022815621760975,1.0
0.0032864864747403693,0.0
0.9994349338503589,1.0
0.00040431469830094535,0.0
0.00701454984521018,0.0
0.022799085857906826,0.0
0.0033039346631936247,0.0
0.9893564402087556,1.0
0.002970347926863358,0.0
0.9787241866313088,1.0
0.004954529489775396,0.0
0.003099599940851669,0.0
0.10032992941996216,0.0
0.001006756366908776,0.0
0.8929622617371842,1.0
0.008159304743528217,0.0
0.9503505348761428,1.0
0.9781396438290362,1.0
0.8938339295909862,1.0
0.008913608802445306,0.0
0.918964366830436,1.0
0.9991415323030267,1.0
0.9789832170440272,1.0
0.0018500576878045815,0.0
0.09920369092631601,0.0
0.0009717433311558021,0.0
0.9198688006341492,0.0
0.9845458215150622,1.0
0.011715248364531321,0.0
0.0035882579526528243,0.0
0.001097969506673253,0.0
0.11787187103337586,0.0
0.9594189994378226,1.0
0.9691340668284476,1.0
0.001844199779012527,0.0
0.9791613045997055,1.0
0.001622234180296657,0.0
0.18327289553699358,0.0
0.005237547215563235,0.0
0.9874850992757168,1.0
0.9789763737433003,1.0
0.01926854161879881,0.0
0.9627946969497216,1.0
0.00425531496751261,0.0
0.0012761402220457495,0.0
0.9930653147100653,1.0
0.34594008068463517,0.0
0.4442018226247088,0.0
0.014229166706100273,0.0
0.00025260275290909883,0.0
0.005204419752040539,0.0
0.0019409422230357914,0.0
0.009470094829606668,0.0
0.9369362329529075,1.0
0.007008747574891287,0.0
0.007094875407418337,0.0
0.9806521324828915,1.0
0.019167568256041524,0.0
0.9646959282168002,1.0
0.0015240949207635179,0.0
0.01790542077854216,0.0
0.017167304988888885,0.0
0.040729616019929325,0.0
0.9836974045484614,1.0
0.007304045314618189,0.0
0.9833045081398516,1.0
0.9342400827426868,1.0
0.9887620212201667,1.0
0.9199914492768247,1.0
0.004435257197319113,0.0
0.003604154404699411,0.0
0.9438706313756138,1.0
0.8468284505134028,1.0
0.9271881869905614,1.0
0.9628406449785879,1.0
0.9952337511490975,1.0
0.9386774398486303,1.0
0.9785021333251184,1.0
0.9958704342174487,1.0
0.9845209216214786,1.0
0.9922795601531493,1.0
0.960487736425312,1.0
0.0012433479631182916,0.0
0.004923923029566386,0.0
0.9870024644136254,1.0
0.9710647715625264,1.0
0.0034697698971335074,0.0
0.876845770720937,1.0
0.9915601493961282,1.0
0.9447970135976088,1.0
0.9891674781710732,1.0
0.9681062275961239,1.0
0.9099629996375284,1.0
0.0009899074200825997,0.0
0.9637444359701907,1.0
0.01204566705461463,0.0
0.0057410319354063415,0.0
0.07012948145584437,0.0
0.9294438983558702,1.0
0.016926067955488188,0.0
0.9615754956839424,1.0
0.9391335922106747,1.0
0.00269191272980446,0.0
0.0011133482161478055,0.0
0.9668421200037154,1.0
0.0008009540163027313,0.0
0.00037712741255640895,0.0
0.9508760443062928,1.0
0.9828296093299564,1.0
0.9827878502424539,1.0
0.919858370489865,1.0
0.003221277125074854,0.0
0.006376767748979088,0.0
0.0032659410806552855,0.0
0.9684928061454859,1.0
0.062050767756136584,0.0
0.003826450968732817,0.0
0.9379459436822493,1.0
0.2626210065862682,0.0
0.9949521819417462,1.0
0.9967413368190375,1.0
0.987747112258529,1.0
0.00154363302012386,0.0
0.9776044746616432,1.0
0.9753933521319481,1.0
0.9739154555475293,1.0
0.985279631468115,1.0
0.9973038371533758,1.0
0.0013160866580547304,0.0
0.007483291324992917,0.0
0.9439391572905883,1.0
0.9576392907312367,1.0
0.0008940175013224632,0.0
0.005187327216465265,0.0
0.9482881210243115,1.0
0.9652829132354002,1.0
0.9748144206403173,1.0
0.008766376378858211,0.0
0.9096500958796535,1.0
0.031885115498741665,0.0
0.00785886758725343,0.0
0.9291940853272034,1.0
0.0019813881130269014,0.0
0.005663788423426921,0.0
0.9890399086770651,1.0
0.9807717975719566,1.0
0.9963179399837827,1.0
0.9755818743948619,1.0
0.9708842613790136,1.0
0.004202854863894806,0.0
0.04166757764757556,0.0
0.9765277585343797,1.0
0.0024461235323368887,0.0
0.0015923982642295385,0.0
0.002529908501744455,0.0
0.7504370269978639,0.0
0.9900729553408789,1.0
0.9873124885863098,1.0
0.000591330571132654,0.0
0.9934604865592347,1.0
0.9308886462043042,1.0
0.007128732037522151,0.0
0.005583697148139136,0.0
0.008954348322006207,0.0
0.9830218503437061,1.0
0.0007812965884408074,0.0
0.9934538257956353,1.0
0.9942212321611066,1.0
0.0005211684166254195,0.0
0.9477959350263742,1.0
0.0038682592863596875,0.0
0.9976874566471767,1.0
0.9993338800642493,1.0
0.002054517687587841,0.0
0.9970692380874514,1.0
0.9667311734330097,1.0
0.0061663104090523115,0.0
0.9143066356250792,1.0
0.01901996611560469,0.0
0.004947652319423585,0.0
0.3399093247154493,0.0
0.009571412840673208,0.0
0.8062196738552533,1.0
0.00238903864562296,0.0
0.0052514552490271395,0.0
0.02445049484855216,0.0
0.9945996682783053,1.0
0.009272270302007713,0.0
0.0056140157433429766,0.0
0.001190741453438682,0.0
0.9822624463341587,1.0
0.18340457005126062,0.0
0.0166435194360788,0.0
0.9764969319740897,1.0
0.938978537032736,1.0
0.9732687958722482,1.0
0.9964043040441576,1.0
0.974756711285408,1.0
0.011152869743714412,0.0
0.004238596026357034,0.0
0.9944534453176211,1.0
0.7580741179904612,0.0
0.9901204876895442,1.0
0.14324083001252783,0.0
0.992031532183273,1.0
0.004062448922335283,0.0
0.9876896300642802,1.0
0.006755367452527119,0.0
0.9429817901647328,1.0
0.004004220763953527,0.0
0.9510301713165248,1.0
0.004575867469386904,0.0
0.05595600161867702,0.0
0.003962990539521123,0.0
0.0038052438370041247,0.0
0.199792733168427,0.0
0.9710428167949298,1.0
0.0007894156865898404,0.0
0.977568722972501,1.0
0.8819488831115831,1.0
0.05757111503255944,0.0
0.9903934624805087,1.0
0.026619425729246922,0.0
0.9113154047385924,1.0
0.9382556366532127,1.0
0.9882528606177127,1.0
0.9909581106143999,1.0
0.006475302355009015,0.0
0.013790133894892025,0.0
0.9475340879963255,1.0
0.06041391281170391,0.0
0.9697200481551805,1.0
0.006479285513976121,0.0
0.9158520317545454,1.0
0.9412432215495896,1.0
0.9906172370584806,1.0
